3,John,S,2021-11-25,2021-11-26,2,Deluxe Double,2,Deluxe Single,1,0.01
4,Jeff,S,2021-11-26,2021-11-27,1,Deluxe Double,1,0.0
5,Man,S,2021-12-20,2021-12-21,1,Deluxe Double,1,0.0
16,Mark Jacobs,S,2021-11-29,2021-11-30,1,deluxe double,1,75.0
23,Evan Ruarke,S,2022-10-10,2022-10-11,1,Executive Single,1,65.0
6,j,S,2022-11-20,2022-11-30,1,Deluxe Double,1,0.0
24,Amandeep,AP,2021-12-02,2021-12-05,2,Deluxe Double,2,Executive Double,2,470.25
25,Salim,AP,2021-12-01,2021-12-12,3,Classic Twin,2,Executive Double,1,Deluxe Family,3,2470.0
26,Steven,S,2022-01-06,2022-01-11,2,Deluxe Twin,1,Classic Double,1,765.0
28,Wyatt,AP,2021-12-11,2022-01-09,1,Deluxe Family,3,2375.0
